,STAID,STANAME,LAT_GAGE,LNG_GAGE,CLASS
0,9423350,CARUTHERS C NR IVANPAH CA,35.244989,-115.298876,Ref
1,10250800,DARWIN C NR DARWIN CA,36.320496,-117.523955,Non-ref
2,10251300,AMARGOSA RIVER AT TECOPA  CA,35.848577,-116.230024,Non-ref
3,10255700,SAN FELIPE C NR JULIAN CA,33.118654,-116.435293,Non-ref
4,10255800,COYOTE C NR BORREGO SPRINGS CA,33.373645,-116.427514,Ref
5,10255810,BORREGO PALM C NR BORREGO SPRINGS CA,33.278926,-116.430014,Ref
6,10255850,VALLECITO C NR JULIAN CA,32.986159,-116.420293,Ref
7,10256000,Whitewater River near Whitewater  California,33.946681,-116.640847,Non-ref
8,10256500,SNOW C NR WHITE WATER CA,33.870572,-116.681127,Non-ref
9,10257500,FALLS C NR WHITE WATER CA,33.869461,-116.671682,Non-ref
10,10257548,WHITEWATER R A WINDY POINT MAIN CHANNEL CA,33.8989,-116.62113,Non-ref
11,10257550,WHITEWATER R A WINDY PT NR WHITEWATER CA,33.898905,-116.621126,Non-ref
12,10257600,MISSION C NR DESERT HOT SPRINGS CA,34.011123,-116.628069,Ref
13,10257720,CHINO CYN C BL TRAMWAY NR PALM SPRINGS CA,33.844184,-116.605293,Non-ref
14,10258000,TAHQUITZ C NR PALM SPRINGS CA,33.805019,-116.559182,Ref
15,10258500,PALM CYN C NR PALM SPRINGS CA,33.745022,-116.535571,Ref
16,10259000,ANDREAS C NR PALM SPRINGS CA,33.760021,-116.550015,Ref
17,10259100,WHITEWATER R A RANCHO MIRAGE CA,33.74947,-116.42279,Non-ref
18,10259200,DEEP C NR PALM DESERT CA,33.631136,-116.392234,Ref
19,10260470,LITTLE BEAR C AB LK ARROWHEAD A LAKE ARROWHEAD CA,34.248611,-117.2025,Non-ref
20,10260480,WILLOW C BL LK ARROWHEAD A LAKE ARROWHEAD CA,34.265,-117.185556,Non-ref
21,10260500,DEEP C NR HESPERIA CA,34.341114,-117.228376,Non-ref
22,10260865,GRASS VALLEY C BL GRASS VLY LK NR LK ARROWHEAD CA,34.263611,-117.218056,Non-ref
23,10260950,WF MOJAVE R AB MOJAVE R FORKS RES NR HESPERIA CA,34.338892,-117.257821,Non-ref
24,10261000,WF MOJAVE R NR HESPERIA CA,34.340836,-117.240876,Non-ref
25,10261100,MOJAVE R BL FORKS RES NR HESPERIA CA,34.345836,-117.238099,Non-ref
26,10261500,MOJAVE R A LO NARROWS NR VICTORVILLE CA,34.573049,-117.320602,Non-ref
27,10263500,BIG ROCK C NR VALYERMO CA,34.420831,-117.839507,Ref
28,10264000,LITTLE ROCK C AB LTTLE ROCK RES NR LITTLEROCK CA,34.463884,-118.018958,Ref
29,10264600,OAK C NR MOJAVE CA,35.049969,-118.357859,Ref
30,10264750,PINE TREE C NR MOJAVE CA,35.230519,-118.086185,Ref
31,10265150,HOT C A FLUME NR MAMMOTH LAKES CA,37.668822,-118.817631,Non-ref
32,10270800,SF BISHOP C BL S LK NR BISHOP CA,37.176877,-118.563165,Non-ref
33,10270830,SF BISHOP C BL SF DIV DAM NR BISHOP CA,37.24076,-118.56539,Non-ref
34,10270872,MF BISHOP C BL LK SABRINA NR BISHOP CA,37.213822,-118.610389,Non-ref
35,10271210,BISHOP C BL PP NO 6 NR BISHOP CA (ACTUAL) CA,37.349652,-118.462335,Non-ref
36,10276000,BIG PINE C NR BIG PINE CA,37.144931,-118.31538,Non-ref
37,10277500,OWENS R NR BIG PINE CA,37.015211,-118.224543,Non-ref
38,10281800,INDEPENDENCE C BL PINYON C NR INDEPENDENCE CA,36.778544,-118.264541,Ref
39,10286000,COTTONWOOD C NR OLANCHA CA,36.438825,-118.080919,Non-ref
40,10286001,COTTONWOOD C NR OLANCHA CA.+ PH CA,36.438825,-118.080919,Non-ref
41,10287069,MILL C BL LUNDY LK NR LEE VINING CA,38.03298,-119.21654,Non-ref
42,10287070,MILL C BL LUNDY LK NR MONO LK(ACTUAL) CA,38.032701,-119.215709,Non-ref
43,10287289,RUSH C AT FLUME BL AGNEW LAKE NR JUNE LAKE CA,37.7591,-119.1307,Non-ref
44,10287290,RUSH C BL AGNEW LK NR JUNE LAKE CA (ACTUAL) CA,37.75882,-119.130701,Non-ref
45,10287300,RUSH C PP TAILRACE NR JUNE LAKE CA,37.76632,-119.122368,Non-ref
46,10287400,RUSH C AB GRANT LK NR JUNE LK CA,37.806319,-119.109035,Non-ref
47,10287655,LEE VINING C BL SADDLEBAG LK NR LEE VINING CA,37.96437,-119.27321,Non-ref
48,10287720,GLACIER C BL TIOGA LK NR LEE VINING CA,37.92798,-119.25126,Non-ref
49,10287770,LEE VINING C BL RHINEDOLLAR DAM NR LEE VINING CA,37.936037,-119.230985,Non-ref
50,10287900,LEE VINING C NR LEE VINING CA,37.92937,-119.170428,Non-ref
51,10289000,Virginia C nr Bridgeport  CA,38.191865,-119.210153,Non-ref
52,10289500,Green Creek near Bridgeport  CA,38.17381,-119.233766,Non-ref
53,10290500,Robinson C at Twin Lks Outlet nr Bridgeport  CA,38.172142,-119.324603,Non-ref
54,10291500,Buckeye C nr Bridgeport  CA,38.238808,-119.325992,Ref
55,10292000,Swauger C nr Bridgeport  CA,38.282696,-119.29988,Non-ref
56,10293000,E WALKER R NR BRIDGEPORT  CA,38.327696,-119.214876,Non-ref
57,10295500,L WALKER R NR BRIDGEPORT  CA,38.360748,-119.444887,Ref
58,10296000,W WALKER R BLW L WALKER R NR COLEVILLE  CA,38.379637,-119.450165,Non-ref
59,10296500,W WALKER R NR COLEVILLE  CA,38.513245,-119.449887,Non-ref
60,10308200,E F CARSON R BL MARKLEEVILLE C NR MARKLEEVILLECA,38.714627,-119.764898,Ref
61,10308201,TRUCKEE-CARSON EF CARSON R BL MARKLEEVILLE CA,38.713794,-119.764898,Non-ref
62,10308783,LEVIATHAN C AB MINE NR MARKLEEVILLE CA,38.7013,-119.65656,Ref
63,10308789,LEVIATHAN C AB ASPEN C NR MARKLEEVILLE CA,38.716851,-119.660173,Non-ref
64,103087891,ASPEN C ABV LEVIATHAN MINE NR MARKLEEVILLE CA,38.70861,-119.64861,Ref
65,10308794,BRYANT C BL MOUNTAINEER C NR MARKLEEVILLE CA,38.73574,-119.64545,Non-ref
66,10310000,WEST FORK CARSON RIVER AT WOODFORDS  CA,38.769628,-119.833789,Non-ref
67,10336580,UPPER TRUCKEE RV AT S UPPER TRUCKEE RD NR MEYERS,38.7963,-120.01907,Ref
68,10336600,UP TRUCKEE R NR MEYERS CA,38.842963,-120.024627,Ref
69,103366092,UPPER TRUCKEE RV AT HWY 50 ABV MEYERS  CA,38.848519,-120.027128,Non-ref
70,103366097,ANGORA CK NR MOUTH AT LAKE TAHOE GOLF COURSE,38.87375,-120.01,Non-ref
71,10336610,UP TRUCKEE R A SOUTH LAKE TAHOE CA,38.922408,-119.991571,Non-ref
72,10336626,TAYLOR C NR CAMP RICHARDSON CA,38.921574,-120.061295,Non-ref
73,10336645,GENERAL C NR MEEKS BAY CA,39.051852,-120.118521,Ref
74,10336660,BLACKWOOD C NR TAHOE CITY CA,39.107407,-120.162135,Ref
75,10336674,WARD C BL CONFLUENCE NR TAHOE CITY CA,39.14074,-120.212138,Ref
76,10336676,WARD C AT HWY 89 NR TAHOE PINES CA,39.132129,-120.157691,Ref
77,10336770,TROUT CK AT USFS RD 12N01 NR MEYERS  CA,38.863241,-119.958237,Ref
78,10336775,TROUT CK AT PIONEER TRAIL NR SOUTH LAKE TAHOE  CA,38.903394,-119.968892,Non-ref
79,10336780,TROUT C NR TAHOE VALLEY CA,38.919908,-119.972404,Non-ref
80,10337500,TRUCKEE R A TAHOE CITY CA,39.166296,-120.144359,Non-ref
81,10338000,TRUCKEE R NR TRUCKEE CA,39.296295,-120.205475,Non-ref
82,10338001,TRUCKEE-CARSON TRUCKEE R NR TRUCKEE CA,39.291573,-120.209364,Non-ref
83,10338500,DONNER C A DONNER LK NR TRUCKEE CA,39.323517,-120.234365,Non-ref
84,10338700,DONNER C AT HWY 89 NR TRUCKEE CA,39.321017,-120.207976,Non-ref
85,10339400,MARTIS C NR TRUCKEE CA,39.328796,-120.117696,Non-ref
86,10340500,PROSSER C BL PROSSER C DAM NR TRUCKEE CA,39.37324,-120.131587,Non-ref
87,10342000,LITTLE TRUCKEE R NR HOBART MILLS CA,39.501294,-120.277426,Non-ref
88,10343000,INDEPENDENCE C NR TRUCKEE CA,39.456572,-120.287148,Non-ref
89,10343500,SAGEHEN C NR TRUCKEE CA,39.431572,-120.237979,Ref
90,10344400,LITTLE TRUCKEE R AB BOCA RES NR TRUCKEE CA,39.435741,-120.084366,Non-ref
91,10344500,LITTLE TRUCKEE R BL BOCA DAM NR TRUCKEE CA,39.386852,-120.095476,Non-ref
92,10346000,TRUCKEE R A FARAD CA,39.427964,-120.034087,Non-ref
93,10356500,SUSAN R A SUSANVILLE CA,40.417395,-120.671896,Non-ref
94,10358500,WILLOW C NR SUSANVILLE CA,40.489064,-120.537171,Non-ref
95,10359300,PINE C NR SUSANVILLE CA,40.664894,-120.791346,Ref
96,10360900,BIDWELL C BL MILL C NR FORT BIDWELL CA,41.88239,-120.174951,Ref
97,11012000,COTTONWOOD C AB TECATE C NR DULZURA CA,32.575061,-116.753908,Non-ref
98,11014000,JAMUL C NR JAMUL CA,32.637557,-116.884189,Non-ref
99,11015000,SWEETWATER R NR DESCANSO CA,32.834774,-116.623075,Ref
100,11016200,SWEETWATER R A DEHESA CA,32.77417,-116.85028,Non-ref
101,11022200,LOS COCHES C NR LAKESIDE CA,32.836162,-116.900304,Non-ref
102,11022480,SAN DIEGO R A MAST RD NR SANTEE CA,32.840327,-117.025863,Non-ref
103,11022500,SAN DIEGO R NR SANTEE CA,32.824771,-117.055586,Non-ref
104,11023000,SAN DIEGO R A FASHION VALLEY AT SAN DIEGO CA,32.76505,-117.168645,Non-ref
105,11023330,LOS PENASQUITOS C BL POWAY C NR POWAY CA,32.949212,-117.070032,Non-ref
106,11023340,LOS PENASQUITOS C NR POWAY CA,32.943101,-117.1217,Non-ref
107,11025500,SANTA YSABEL C NR RAMONA CA,33.106987,-116.866137,Non-ref
108,11026000,SANTA YSABEL C NR SAN PASQUAL CA,33.086153,-116.916417,Non-ref
109,11027000,GUEJITO C NR SAN PASQUAL CA,33.115874,-116.953084,Non-ref
110,11028500,SANTA MARIA C NR RAMONA CA,33.052266,-116.945584,Non-ref
111,11031500,AGUA CALIENTE C NR WARNER SPRINGS CA,33.288648,-116.653908,Ref
112,11033000,WF SAN LUIS REY R NR WARNER SPRINGS CA,33.296704,-116.759744,Ref
113,11040000,SAN LUIS REY R AT MONSERATE NARROWS CA,33.337255,-117.136143,Non-ref
114,11041000,SAN LUIS REY R NR BONSALL CA,33.253646,-117.247535,Non-ref
115,11042000,SAN LUIS REY R A OCEANSIDE CA,33.218091,-117.360316,Non-ref
116,11042400,TEMECULA C NR AGUANGA CA,33.459198,-116.923636,Non-ref
117,11042631,PECHANGA C NR TEMECULA CA,33.46417,-117.12389,Non-ref
118,11042700,MURRIETA C NR MURRIETA CA,33.55558,-117.23142,Non-ref
119,11042800,WARM SPRINGS C NR MURRIETA CA,33.532249,-117.176977,Non-ref
120,11042900,SANTA GERTRUDIS C NR TEMECULA CA,33.52447,-117.16475,Non-ref
121,11043000,MURRIETA C A TEMECULA CA,33.479751,-117.14392,Non-ref
122,11044000,SANTA MARGARITA R NR TEMECULA CA,33.473918,-117.142254,Non-ref
123,11044250,RAINBOW C NR FALLBROOK CA,33.40753,-117.200867,Non-ref
124,11044300,SANTA MARGARITA R A FPUD SUMP NR FALLBROOK CA,33.413641,-117.241146,Non-ref
125,11044350,SANDIA C NR FALLBROOK CA,33.424473,-117.249202,Non-ref
126,11044500,SANTA MARGARITA R NR FALLBROOK CALIF.,33.398363,-117.263091,Non-ref
127,11044800,DE LUZ C NR DE LUZ CA,33.419751,-117.321704,Non-ref
128,11045300,FALLBROOK C NR FALLBROOK CA,33.346976,-117.317815,Non-ref
129,11046000,SANTA MARGARITA R A YSIDORA CA,33.311144,-117.34726,Non-ref
130,11046090,LAS FLORES C A LAS PULGAS CYN NR OCEANSIDE CA,33.318643,-117.437819,Non-ref
131,11046100,LAS FLORES C NR OCEANSIDE CA,33.292255,-117.456708,Non-ref
132,11046250,SAN ONOFRE C A SAN ONOFRE CA,33.383919,-117.574213,Non-ref
133,11046300,SAN MATEO C NR SAN CLEMENTE CA,33.47086,-117.473099,Ref
134,11046360,CRISTIANITOS C AB SAN MATEO C NR SAN CLEMENTE CA,33.426417,-117.570324,Non-ref
135,11046500,SAN JUAN C NR SAN JUAN CAPISTRANO CA,33.518915,-117.625049,Non-ref
136,11046530,SAN JUAN C AT LA NOVIA ST BR AT SAN JUAN CAPIS CA,33.502526,-117.648106,Non-ref
137,11047000,ARROYO TRABUCO NR SAN JUAN CAPISTRANO CA,33.526692,-117.669773,Non-ref
138,11047300,ARROYO TRABUCO A SAN JUAN CAPISTRANO CA,33.49836,-117.665884,Non-ref
139,11047500,ALISO C A EL TORO CA,33.626134,-117.685051,Non-ref
140,11048200,AGUA CHINON WASH NR IRVINE CA,33.67891,-117.714219,Non-ref
141,11048500,SAN DIEGO C AT CULVER DR NR IRVINE CA,33.681687,-117.809499,Non-ref
142,11048553,SAND CYN C A IRVINE CA,33.657243,-117.827555,Non-ref
143,11048600,BONITA C A IRVINE CA,33.645021,-117.861167,Non-ref
144,11051499,SANTA ANA R NR MENTONE (RIVER ONLY) CA,34.108345,-117.100591,Non-ref
145,11051500,SANTA ANA R NR MENTONE CA,34.108345,-117.100591,Non-ref
146,11054000,MILL C NR YUCAIPA CA,34.090845,-117.037533,Non-ref
147,11055500,PLUNGE C NR EAST HIGHLANDS CA,34.118345,-117.141704,Non-ref
148,11055800,CITY C NR HIGHLAND CA,34.143899,-117.188651,Non-ref
149,11056500,LITTLE SAN GORGONIO C NR BEAUMONT CA,34.02918,-116.946137,Non-ref
150,11057000,SAN TIMOTEO C NR REDLANDS CA,34.03307,-117.208928,Non-ref
151,11057500,SAN TIMOTEO C NR LOMA LINDA CA,34.063625,-117.27282,Non-ref
152,11058000,SAND CANYON C NR HIGHLAND CA,34.15472,-117.22667,Ref
153,11058500,E TWIN C NR ARROWHEAD SPRINGS CA,34.179176,-117.265598,Non-ref
154,11058600,WATERMAN CYN C NR ARROWHEAD SPGS CA,34.193342,-117.274487,Ref
155,11059300,SANTA ANA R A E ST NR SAN BERNARDINO CA,34.065013,-117.300321,Non-ref
156,11060400,WARM C NR SAN BERNARDINO CA,34.078346,-117.300321,Non-ref
157,11062000,LYTLE C NR FONTANA CA,34.21223,-117.458105,Non-ref
158,11062001,LYTLE+BRLNE+COND+INF - W27 CA,34.21223,-117.458105,Non-ref
159,11063000,CAJON C NR KEENBROOK CA,34.26695,-117.46005,Non-ref
160,11063500,LONE PINE C NR KEENBROOK CA,34.266395,-117.463939,Non-ref
161,11063510,CAJON C BL LONE PINE C NR KEENBROOK CA,34.263339,-117.466994,Non-ref
162,11063680,DEVIL CYN C NR SAN BERNARDINO CA,34.208341,-117.331434,Non-ref
163,11065000,Lytle Creek at Colton  CA,34.078901,-117.305599,Non-ref
164,11066460,SANTA ANA R A MWD CROSSING CA,33.968626,-117.448381,Non-ref
165,11066500,SANTA ANA R A RIVERSIDE NAROWS NR ARLINGTON CA,33.964737,-117.466159,Non-ref
166,11067000,DAY C NR ETIWANDA CA,34.185008,-117.539774,Non-ref
167,11069500,SAN JACINTO R NR SAN JACINTO,33.738076,-116.83391,Non-ref
168,11070000,BAUTISTA C NR HEMET CA,33.694467,-116.850855,Non-ref
169,11070210,SAN JACINTO R A RAMONA EXPRESSWAY NR LAKEVIEW CA,33.83974,-117.13587,Non-ref
170,11070365,SAN JACINTO R NR SUN CITY CA,33.746131,-117.231703,Non-ref
171,11070375,SAN JACINTO R A RR CYN WEIR NR ELSINORE CA,33.736131,-117.253093,Non-ref
172,11070465,SALT C A MURRIETA RD NR SUN CITY CA,33.694188,-117.20559,Non-ref
173,11070500,SAN JACINTO R NR ELSINORE CA,33.664189,-117.293927,Non-ref
174,11072100,TEMESCAL C AB MAIN ST A CORONA CA,33.889182,-117.562827,Non-ref
175,11073000,SAN ANTONIO C NR CLAREMONT CA,34.215562,-117.668667,Non-ref
176,11073001,SAN ANTONIO C NR CLAREMONT + CN CA,34.216117,-117.668667,Ref
177,11073300,SAN ANTONIO C A RIVERSIDE DRIVE NR CHINO CA,34.018623,-117.730612,Non-ref
178,11073360,CHINO C A SCHAEFER AVENUE NR CHINO CA,34.003901,-117.727001,Non-ref
179,11073470,CUCAMONGA C NR UPLAND CA,34.179452,-117.628943,Ref
180,11073495,CUCAMONGA C NR MIRA LOMA CA,33.982791,-117.599497,Non-ref
181,11074000,SANTA ANA R BL PRADO DAM CA,33.883349,-117.64533,Non-ref
182,11075720,CARBON C BL CARBON CYN DAM CA,33.913347,-117.842558,Non-ref
183,11075800,SANTIAGO C A MODJESKA CA,33.712797,-117.64505,Non-ref
184,11077500,SANTIAGO C A SANTA ANA CA,33.770295,-117.884501,Non-ref
185,11078000,SANTA ANA R A SANTA ANA CA,33.751128,-117.908391,Non-ref
186,11080500,EF SAN GABRIEL R NR CAMP BONITA CA,34.235838,-117.805893,Ref
187,11082000,WF SAN GABRIEL R A CAMP RINCON CA,34.241115,-117.863395,Non-ref
188,11084500,FISH C NR DUARTE CA,34.16584,-117.92423,Ref
189,11085000,SAN GABRIEL R BL SANTA FE DAM NR BALDWIN PK CA,34.11223,-117.969509,Non-ref
190,11086300,SAN DIMAS C BL SAN DIMAS DAM CA,34.152785,-117.772558,Non-ref
191,11086500,LITTLE DALTON C NR GLENDORA CA,34.167507,-117.838394,Ref
192,11087020,SAN GABRIEL R AB WHITTIER NARROWS DAM CA,34.033344,-118.038123,Non-ref
193,11087500,SAN GABRIEL R A PICO CA,34.013068,-118.064234,Non-ref
194,11088000,SAN GABRIEL R A SPRING ST NR LOS ALAMITOS CA,33.811961,-118.090898,Non-ref
195,11088500,BREA C BL BREA DAM NR FULLERTON CA,33.887792,-117.92645,Non-ref
196,11089000,BREA C A FULLERTON CA,33.873626,-117.925894,Non-ref
197,11089500,FULLERTON C BL FULLERTON DAM NR BREA CA,33.895848,-117.886171,Non-ref
198,11090200,FULLERTON C A RICHMAN AVE AT FULLERTON CA,33.862515,-117.932838,Non-ref
199,11092450,LOS ANGELES R A SEPULVEDA DAM CA,34.161672,-118.466749,Non-ref
200,11093000,PACOIMA C NR SAN FERNANDO CA,34.335277,-118.398137,Non-ref
201,11094000,TUJUNGA C BL MILL C NR COLBY RANCH CA,34.309167,-118.14535,Ref
202,11095500,BIG TUJUNGA C NR SUNLAND CA,34.300556,-118.268688,Non-ref
203,11096500,LITTLE TUJUNGA C NR SAN FERNANDO CA,34.274446,-118.37258,Ref
204,11097000,BIG TUJUNGA C BL HANSEN DAM CA,34.253614,-118.38897,Non-ref
205,11097500,LOS ANGELES R A LOS ANGELES CA,34.081122,-118.227573,Non-ref
206,11098000,ARROYO SECO NR PASADENA CA,34.222226,-118.177573,Ref
207,11098500,LOS ANGELES R NR DOWNEY CA,33.949459,-118.173959,Non-ref
208,11100000,SANTA ANITA C NR SIERRA MADRE CA,34.191672,-118.017289,Ref
209,11101250,RIO HONDO AB WHITTIER NARROWS DAM CA,34.058344,-118.071735,Non-ref
210,11101500,RIO HONDO NR MONTEBELLO CA,34.033345,-118.073679,Non-ref
211,11102000,MISSION C NR MONTEBELLO CA,34.029178,-118.069512,Non-ref
212,11102300,RIO HONDO BL WHITTIER NARROWS DAM CA,34.016679,-118.088402,Non-ref
213,11102500,RIO HONDO NR DOWNEY CA,33.946681,-118.162848,Non-ref
214,11103000,LOS ANGELES R A LONG BEACH CA,33.817239,-118.206458,Non-ref
215,11103500,BALLONA C NR CULVER CITY CA,33.998345,-118.4023,Non-ref
216,11104000,TOPANGA C NR TOPANGA BCH CA,34.064452,-118.587028,Non-ref
217,11105500,MALIBU C AT CRATER CAMP NR CALABASAS CA,34.077785,-118.701753,Non-ref
218,11105510,MALIBU C A MALIBU CA,34.043333,-118.684167,Non-ref
219,11105850,ARROYO SIMI NR SIMI CA,34.273058,-118.787871,Non-ref
220,11106550,CALLEGUAS C NR CAMARILLO CA,34.17945,-119.039824,Non-ref
221,11107745,SANTA CLARA R AB RR STATION NR LANG CA,34.429718,-118.355358,Non-ref
222,11108134,CASTAIC C BLW MWD DIV BLW CASTAIC LK NR CASTAIC,34.51944,-118.61037,Non-ref
223,11108145,CASTAIC C NR SAUGUS CA,34.428329,-118.628699,Non-ref
224,11108500,SANTA CLARA RIVER AT L.A.-VENTURA CO. LINE CA,34.399719,-118.704813,Non-ref
225,11109000,SANTA CLARA R NR PIRU CA,34.403608,-118.739258,Non-ref
226,11109395,CANADA DE LOS ALAMOS AB PYRAMID LK CA,34.69193,-118.7912,Non-ref
227,11109525,PIRU C BL PYRAMID LK NR GORMAN CA,34.64165,-118.76454,Non-ref
228,11109600,PIRU CREEK ABOVE LAKE PIRU CA,34.523047,-118.757036,Non-ref
229,11109800,PIRU CREEK BELOW SANTA FELICIA DAM CA,34.460272,-118.752036,Non-ref
230,11110500,HOPPER CREEK NEAR PIRU CA,34.40083,-118.826484,Non-ref
231,11111500,SESPE CREEK NEAR WHEELER SPRINGS CA,34.577766,-119.25789,Ref
232,11113000,SESPE C NR FILLMORE,34.450828,-118.925932,Non-ref
233,11113500,SANTA PAULA C NR SANTA PAULA,34.395553,-119.076494,Non-ref
234,11114000,SANTA CLARA RIVER AT MONTALVO CA,34.242227,-119.18983,Non-ref
235,11114495,MATILIJA C NR RES NR MATILIJA HOT SPRINGS CA,34.502769,-119.357339,Ref
236,11114500,MATILIJA C AB RES NR MATILIJA HOT SPRINGS CA,34.494714,-119.330949,Ref
237,11115500,MATILIJA C A MATILIJA HOT SPRINGS,34.48277,-119.301781,Non-ref
238,11116000,NF MATILIJA C A MATILIJA HOT SPRINGS CA,34.492492,-119.306503,Ref
239,11116550,VENTURA R NR MEINERS OAKS CA,34.464993,-119.289836,Non-ref
240,11117500,SAN ANTONIO C A CASITAS SPRINGS,34.380275,-119.304558,Non-ref
241,11117600,COYOTE CREEK NEAR OAK VIEW CA,34.416662,-119.370672,Ref
242,11117800,SANTA ANA C NR OAK VIEW,34.423606,-119.341227,Non-ref
243,11118000,COYOTE C NR VENTURA CA,34.35722,-119.313725,Non-ref
244,11118500,VENTURA R NR VENTURA,34.35222,-119.308447,Non-ref
245,11119500,CARPINTERIA C NR CARPINTERIA CA,34.401384,-119.487066,Non-ref
246,11119745,MISSION C A ROCKY NOOK PARK A SANTA BARBARA CA,34.440553,-119.711803,Non-ref
247,11119750,MISSION C NR MISSION ST NR SANTA BARBARA CA,34.426389,-119.722222,Non-ref
248,11119780,ARROYO BURRO A SANTA BARBARA CA,34.436942,-119.746527,Non-ref
249,11119940,MARIA YGNACIO C A UNIV DR NR GOLETA CA,34.444997,-119.80375,Non-ref
250,11120000,ATASCADERO C NR GOLETA CA,34.424719,-119.811805,Non-ref
251,11120500,SAN JOSE C NR GOLETA CA,34.459163,-119.809028,Ref
252,11120510,SAN JOSE C A GOLETA CA,34.430274,-119.822083,Non-ref
253,11120520,SAN PEDRO C A GOLETA CA,34.44861,-119.84028,Non-ref
254,11120550,GAVIOTA C NR GAVIOTA CA,34.487766,-120.227095,Non-ref
255,11123000,SANTA YNEZ R BL GIBRALTAR DAM NR SNTA BRB C CA,34.524439,-119.687358,Non-ref
256,11123500,SANTA YNEZ R BL LOS LAURLS CYN NR SNTA YNEZ CA,34.543604,-119.864863,Non-ref
257,11124500,SANTA CRUZ C NR SANTA YNEZ CA,34.596656,-119.908752,Ref
258,11125600,HILTON CYN C NR SANTA YNEZ CA,34.58221,-119.98264,Non-ref
259,11126000,SANTA YNEZ R NR SANTA YNEZ CA,34.589155,-119.988753,Non-ref
260,11126500,SANTA AGUEDA C NR SANTA YNEZ CA,34.594988,-120.029588,Non-ref
261,11128250,ALAMO PINTADO C NR SOLVANG CA,34.61832,-120.120703,Non-ref
262,11128500,SANTA YNEZ R A SOLVANG CA,34.584987,-120.144593,Non-ref
263,11129800,ZACA C NR BUELLTON CA,34.648596,-120.184317,Non-ref
264,11130500,SANTA YNEZ R NR BUELLTON CA,34.610541,-120.249042,Non-ref
265,11131500,SANTA YNEZ R A COOPERS REEF NR LOMPOC CA,34.613318,-120.35738,Non-ref
266,11132500,SALSIPUEDES C NR LOMPOC CA,34.588596,-120.408494,Non-ref
267,11133000,SANTA YNEZ R A NARROWS NR LOMPOC CA,34.637761,-120.426551,Non-ref
268,11134000,SANTA YNEZ R A H ST NR LOMPOC CA,34.668316,-120.457941,Non-ref
269,11134500,SANTA YNEZ R A V STREET NR LOMPOC CA,34.668316,-120.47572,Non-ref
270,11134800,MIGUELITO C A LOMPOC CA,34.63165,-120.464886,Non-ref
271,11135800,SAN ANTONIO C A LOS ALAMOS CA,34.743315,-120.270989,Non-ref
272,11136100,SAN ANTONIO C NR CASMALIA CA,34.782203,-120.530723,Non-ref
273,11136800,CUYAMA R BL BUCKHORN CYN NR SANTA MARIA CA,35.021921,-120.228487,Non-ref
274,11137900,HUASNA R NR ARROYO GRANDE CA,35.077754,-120.371827,Non-ref
275,11138100,CUYAMA R BL TWITCHELL DAM CA,34.944423,-120.292657,Non-ref
276,11138500,SISQUOC R NR SISQUOC CA,34.839703,-120.168206,Ref
277,11139000,LA BREA C NR SISQUOC CA,34.852758,-120.199597,Ref
278,11139500,TEPUSQUET C NR SISQUOC CA,34.87248,-120.244599,Ref
279,11140000,SISQUOC R NR GAREY,34.893868,-120.306546,Non-ref
280,11140585,SANTA MARIA R A SUEY CROSSING NR SANTA MARIA CA,34.96831,-120.40405,Non-ref
281,11141000,SANTA MARIA R A GUADALUPE,34.976366,-120.571836,Non-ref
282,11141050,ORCUTT C NR ORCUTT CA,34.88359,-120.494888,Non-ref
283,11141150,ARROYO GRANDE AB PHOENIX C NR ARROYO GRANDE CA,35.188586,-120.435162,Ref
284,11141280,LOPEZ C NR ARROYO GRANDE CA,35.23553,-120.472386,Ref
285,11141500,ARROYO GRANDE AT ARROYO GRANDE CA,35.12442,-120.569058,Non-ref
286,11142500,ARROYO DE LA CRUZ NR SAN SIMEON CA,35.71719,-121.284926,Ref
287,11143000,BIG SUR R NR BIG SUR CA,36.245796,-121.773287,Ref
288,11143200,CARMEL R A ROBLES DEL RIO CA,36.474406,-121.728836,Non-ref
289,11143250,CARMEL R NR CARMEL CA,36.539128,-121.880508,Non-ref
290,11143500,SALINAS R NR POZO CA,35.298585,-120.403771,Ref
291,11144000,TORO C NR POZO CA,35.323862,-120.421272,Non-ref
292,11145000,SALINAS R AB PILITAS C NR SANTA MARGARITA CA,35.348863,-120.512664,Non-ref
293,11147000,JACK C NR TEMPLETON CA,35.566638,-120.803788,Non-ref
294,11147070,SANTA RITA C NR TEMPLETON CA,35.523861,-120.766008,Non-ref
295,11147500,SALINAS R A PASO ROBLES CA,35.628581,-120.684337,Non-ref
296,11148500,ESTRELLA R NR ESTRELLA CA,35.717191,-120.640168,Non-ref
297,11148900,NACIMIENTO R BL SAPAQUE C NR BRYSON CA,35.788579,-121.093805,Ref
298,11149400,NACIMIENTO R BL NACIMIENTO DAM NR BRADLEY CA,35.761357,-120.855458,Non-ref
299,11149900,SAN ANTONIO R NR LOCKWOOD CA,35.896634,-121.088249,Non-ref
300,11150500,SALINAS R NR BRADLEY CA,35.930243,-120.868791,Non-ref
301,11151300,SAN LORENZO C BL BITTERWATER C NR KING CITY CA,36.268021,-121.066303,Ref
302,11151700,SALINAS R A SOLEDAD CA,36.411076,-121.319374,Non-ref
303,11151870,ARROYO SECO NR GREENFIELD CA,36.237462,-121.481603,Ref
304,11152000,ARROYO SECO NR SOLEDAD CA,36.280521,-121.322706,Non-ref
305,11152050,ARROYO SECO BL RELIZ C NR SOLEDAD CA,36.399687,-121.324096,Non-ref
306,11152300,SALINAS R NR CHUALAR CA,36.555517,-121.549663,Non-ref
307,11152500,SALINAS R NR SPRECKELS CA,36.631071,-121.672446,Non-ref
308,11152540,EL TORO C NR SPRECKELS CA,36.583294,-121.714947,Non-ref
309,11152600,GABILAN C NR SALINAS CA,36.755792,-121.610501,Non-ref
310,11152900,CEDAR C NR BELL STATION CA,37.049945,-121.327431,Ref
311,11153000,PACHECO C NR DUNNEVILLE CA,36.979948,-121.380211,Non-ref
312,11153470,LLAGAS C AB CHESBRO RES NR MORGAN HILL CA,37.14828,-121.76828,Ref
313,11153500,LLAGAS C NR MORGAN HILL CA,37.114391,-121.690503,Non-ref
314,11153650,LLAGAS C NR GILROY,36.987449,-121.527162,Non-ref
315,11153700,PAJARO R NR GILROY CA,36.948284,-121.511884,Non-ref
316,11153900,UVAS C AB UVAS RES NR MORGAN HILL CA,37.092725,-121.718282,Ref
317,11154100,BODFISH C NR GILROY CA,37.004116,-121.667169,Ref
318,11154200,UVAS C NR GILROY CA,36.992171,-121.573553,Non-ref
319,11154700,CLEAR C NR IDRIA CA,36.364683,-120.756287,Ref
320,11156500,SAN BENITO R NR WILLOW CREEK SCHOOL CA,36.609406,-121.20298,Non-ref
321,11157500,TRES PINOS C NR TRES PINOS CA,36.764681,-121.296875,Non-ref
322,11158500,SAN BENITO R NR HOLLISTER CA,36.788013,-121.370768,Non-ref
323,11158600,SAN BENITO R A HWY 156 NR HOLLISTER CA,36.851899,-121.429937,Non-ref
324,11159000,PAJARO R A CHITTENDEN CA,36.900231,-121.597721,Non-ref
325,11159200,CORRALITOS C A FREEDOM CA,36.939397,-121.770506,Non-ref
326,11160000,SOQUEL C A SOQUEL CA,36.991339,-121.955793,Non-ref
327,11160020,SAN LORENZO R NR BOULDER C CA,37.206611,-122.144964,Ref
328,11160300,ZAYANTE C A ZAYANTE CA,37.086059,-122.046907,Ref
329,11160500,SAN LORENZO R A BIG TREES CA,37.044393,-122.072464,Non-ref
330,11161000,SAN LORENZO R A SANTA CRUZ CA,36.990783,-122.031908,Non-ref
331,11161300,CARBONERA C A SCOTTS VALLEY CA,37.050504,-122.013573,Non-ref
332,11162500,PESCADERO C NR PESCADERO CA,37.260777,-122.32886,Ref
333,11162570,SAN GREGORIO C A SAN GREGORIO CA,37.325776,-122.38664,Ref
334,11162620,PILARCITOS C BL STONE DAM NR HILLSBOROUGH CA,37.524661,-122.399418,Non-ref
335,11162630,PILARCITOS C A HALF MOON BAY CA,37.466607,-122.434142,Non-ref
336,11162720,COLMA C A SOUTH SAN FRANCISCO CA,37.653823,-122.426361,Non-ref
337,11162753,SAN MATEO C BL LO CRYSTAL SP RES NR SAN MATEO CA,37.52944,-122.35833,Non-ref
338,11162800,REDWOOD C A REDWOOD CITY CA,37.449383,-122.233577,Non-ref
339,11164500,SAN FRANCISQUITO C A STANFORD UNIVERSITY CA,37.423273,-122.18941,Non-ref
340,11166000,MATADERO C A PALO ALTO CA,37.421606,-122.135519,Non-ref
341,11167800,GUADALUPE R AB ALMADEN EXPRESSWAY A SAN JOSE CA,37.28078,-121.87968,Non-ref
342,11169000,GUADALUPE R A SAN JOSE CA,37.334386,-121.8994,Non-ref
343,11169025,GUADALUPE R ABV HWY 101 A SAN JOSE CA,37.37383,-121.933013,Non-ref
344,11169500,SARATOGA C A SARATOGA CA,37.254388,-122.039404,Non-ref
345,11169800,COYOTE C NR GILROY CA,37.077723,-121.494383,Ref
346,11170000,COYOTE C NR MADRONE CA,37.168278,-121.649668,Non-ref
347,11172100,UP PENITENCIA C A SAN JOSE CA,37.395217,-121.828287,Non-ref
348,11172175,COYOTE C AB HWY 237 A MILPITAS CA,37.422162,-121.927458,Non-ref
349,11172945,ALAMEDA C AB DIV DAM NR SUNOL CA,37.497436,-121.773564,Ref
350,11173200,ARROYO HONDO NR SAN JOSE CA,37.461603,-121.769397,Ref
351,11173500,CALAVERAS C NR SUNOL CA,37.497714,-121.817733,Non-ref
352,11173510,ALAMEDA C BL CALAVERAS C NR SUNOL CA,37.503547,-121.824677,Non-ref
353,11173575,ALAMEDA C BL WELCH C NR SUNOL CA,37.540491,-121.856345,Non-ref
354,11174000,SAN ANTONIO C NR SUNOL CA,37.577434,-121.857734,Non-ref
355,11176000,ARROYO MOCHO NR LIVERMORE CA,37.62632,-121.704673,Non-ref
356,11176200,ARROYO MOCHO NR PLEASANTON CA,37.690486,-121.87329,Non-ref
357,11176400,ARROYO VALLE BL LANG CN NR LIVERMORE CA,37.561322,-121.683839,Ref
358,11176500,ARROYO VALLE NR LIVERMORE CA,37.623265,-121.758842,Non-ref
359,11176600,ARROYO VALLE A PLEASANTON CA,37.667153,-121.882735,Non-ref
360,11176900,ARROYO DE LA LAGUNA A VERONA CA,37.626599,-121.883013,Non-ref
361,11177000,ARROYO DE LA LAGUNA NR PLEASANTON CA,37.615211,-121.881624,Non-ref
362,11179000,ALAMEDA C NR NILES CA,37.587157,-121.960793,Non-ref
363,11180500,DRY C A UNION CITY CA,37.606045,-122.02385,Ref
364,11180700,ALAMEDA C FLOOD CHANNEL A UNION CITY CA,37.585768,-122.048296,Non-ref
365,11180825,SAN LORENZO C AB DON CASTRO RES NR CASTRO V CA,37.695208,-122.044962,Non-ref
366,11180900,CROW C NR HAYWARD CA,37.70493,-122.043851,Non-ref
367,11180960,CULL C AB CULL C RES NR CASTRO VALLEY CA,37.717707,-122.054407,Ref
368,11181000,SAN LORENZO C A HAYWARD CA,37.685486,-122.064407,Non-ref
369,11181008,CASTRO VALLEY C A HAYWARD CA,37.679931,-122.080519,Non-ref
370,11181040,SAN LORENZO C A SAN LORENZO CA,37.684098,-122.139965,Non-ref
371,11181390,WILDCAT C A VALE RD AT RICHMOND CA,37.953257,-122.338304,Non-ref
372,11182100,PINOLE C A PINOLE CA,37.972423,-122.246357,Ref
373,11182500,SAN RAMON C A SAN RAMON CA,37.772983,-121.994682,Non-ref
374,11183000,SAN RAMON C AT WALNUT CREEK CA,37.884369,-122.051074,Non-ref
375,11183600,WALNUT C A CONCORD CA,37.945201,-122.049685,Non-ref
376,11186000,KERN R NR KERNVILLE(RIVER ONLY) CA,35.945226,-118.477586,Non-ref
377,11187000,KERN R A KERNVILLE CA,35.754395,-118.423418,Non-ref
378,11189500,SF KERN R NR ONYX CALIF,35.737452,-118.173689,Non-ref
379,11191000,KERN R BL ISABELLA DAM CA,35.639119,-118.484808,Non-ref
380,11192500,KERN R NR DEMOCRAT SPRINGS(RIVER ONLY) CA,35.520789,-118.677033,Non-ref
381,11192950,KERN R BL KERN CYN PH DIV DAM NR BAKERSFIELD CA,35.46023,-118.77954,Non-ref
382,11193020,KERN R A RIO BRAVO PP DIV DAM NR BKRSFLD CA,35.43024,-118.82259,Non-ref
383,11194000,KERN R NR BAKERSFIELD CA,35.431624,-118.946209,Non-ref
384,11195500,SAN EMIGDIO C A SAN EMIGDIO RANCHHOUSE CA,34.981637,-119.18511,Ref
385,11196400,CALIENTE C AB TEHACHAPI C NR CALIENTE CA,35.311348,-118.570367,Ref
386,11196420,TEHACHAPI C NR TEHACHAPI CA,35.173853,-118.479531,Non-ref
387,11197250,AVENAL C NR AVENAL CA,35.854127,-120.127085,Ref
388,11197800,POSO C NR OILDALE CA,35.513844,-118.905651,Non-ref
389,11199500,WHITE R NR DUCOR CA,35.814675,-118.929263,Ref
390,11200800,DEER C NR FOUNTAIN SPRINGS CA,35.941617,-118.82287,Non-ref
391,11201456,NF OF MF TULE R BL DIV DAM NR SPRINGVILLE CA,36.19245,-118.65787,Non-ref
392,11202000,NF OF MF TULE R NR SPRINGVILLE(RIVER ONLY CA,36.174669,-118.695647,Non-ref
393,11202710,MF TULE R BL INTAKE AB SPRINGVILLE CA,36.16134,-118.70954,Non-ref
394,11203220,TULE R A HWY 190 NR SPRINGVILLE CA,36.100505,-118.86954,Non-ref
395,11203580,SF TULE R NR CHOLOLLO CAMPGROUND NR PORTERVILLE CA,36.048281,-118.654256,Ref
396,11204100,SF TULE R NR RESERVATION BNDRY NR PORTERVILLE CA,36.024116,-118.813426,Ref
397,11204500,SF TULE R NR SUCCESS CA,36.04245,-118.857595,Non-ref
398,11204900,TULE R BL SUCCESS DAM CA,36.05634,-118.923709,Non-ref
399,11206500,MF KAWEAH R NR POTWISHA CAMP(RIVER ONLY) CA,36.513001,-118.791765,Non-ref
400,11206800,MARBLE FORK KAWEAH R AB TOKOPAH FALLS NR KAWEAH CA,36.608554,-118.688709,Ref
401,11208000,MARBLE F KAWEAH R (R ONLY) A POTWISHA CAMP CA,36.52189,-118.799265,Non-ref
402,11208600,KAWEAH R BL CONDUIT NO. 2 NR HAMMOND CA,36.48439,-118.83593,Non-ref
403,11208730,EF KAWEAH R NR THREE RIVERS CA,36.451612,-118.789264,Non-ref
404,11209900,KAWEAH R A THREE RIVERS CA,36.443836,-118.903433,Non-ref
405,11210100,SF KAWEAH R A THREE RIVERS CA,36.416614,-118.914267,Non-ref
406,11210950,KAWEAH R BL TERMINUS DAM CA,36.414116,-119.012603,Non-ref
407,11211300,DRY C NR LEMONCOVE CA,36.447449,-119.028159,Non-ref
408,11213500,KINGS R AB NF NR TRIMMER CA,36.863281,-119.124282,Ref
409,11214000,NF KINGS R BL MEADOWBROOK CA,37.08133,-118.862888,Ref
410,11214600,HELMS C BL COURTRIGHT DAM CA,37.076333,-118.968723,Non-ref
411,11215000,NF KINGS R NR CLIFF CAMP CALIF,36.993834,-118.981223,Non-ref
412,11216200,NF KINGS R BL BALCH DIV DAM CA,36.902724,-119.050946,Non-ref
413,11216400,DINKEY C SIPHON FISH RELEASE A BALCH CAMP CA,36.908003,-119.125116,Non-ref
414,11216500,NF KINGS R AB DINKEY C A BALCH CAMP CA,36.90328,-119.121505,Non-ref
415,11218400,NF KINGS R BL DINKEY C NR BALCH CAMP CA,36.879669,-119.128727,Non-ref
416,11218500,KINGS R BL NF NR TRIMMER CA,36.87467,-119.141783,Non-ref
417,11220000,BIG C AB PINE FLAT RES NR TRIMMER CA,36.916337,-119.244565,Ref
418,11220500,SYCAMORE C AB PINE FLAT RES NR TRIMMER CA,36.920226,-119.309846,Ref
419,11221500,KINGS R BL PINE FLAT DAM CA,36.830505,-119.336235,Non-ref
420,11221700,MILL C NR PIEDRA CA,36.81856,-119.34179,Non-ref
421,11224500,LOS GATOS C AB NUNEZ CYN NR COALINGA CA,36.214677,-120.470712,Ref
422,11226500,SAN JOAQUIN R A MILLER CROSSING CA,37.510497,-119.197348,Ref
423,11230000,SF SAN JOAQUIN R NR FLORENCE LK CA,37.273276,-118.965949,Non-ref
424,11230200,HOOPER C BL DIV DAM NR FLORENCE LAKE CA,37.305775,-118.950672,Non-ref
425,11230215,SF SAN JOAQUIN R BL HOOPER C NR FLORENCE LAKE CA,37.309664,-118.962061,Non-ref
426,11230500,BEAR C NR LAKE THOMAS A EDISON CA,37.339386,-118.973451,Ref
427,11230530,BEAR C BELOW DIV DAM NR LAKE THOMAS A EDISON CA,37.335498,-118.975673,Non-ref
428,11231500,MONO C BL LK THOMAS A EDISON CA,37.361331,-118.992063,Non-ref
429,11231600,MONO C BL DIV DAM NR MONO HOT SPRINGS CA,37.359942,-118.998452,Non-ref
430,11234760,SAN JOAQUIN R AB SHAKEFLAT C NR BIG CREEK CA,37.316611,-119.329573,Non-ref
431,11237000,BIG C BL HUNTINGTON LK CA,37.221334,-119.212622,Non-ref
432,11237500,PITMAN C BL TAMARACK C CA,37.198557,-119.213733,Ref
433,11237700,PITMAN C NR TAMARACK MOUNTAIN CA,37.199112,-119.215122,Non-ref
434,11238500,BIG C NR MOUTH NR BIG CREEK CA,37.207724,-119.321238,Non-ref
435,11238600,SAN JOAQUIN R AB STEVENSON C NR BIG CREEK CA,37.207724,-119.330127,Non-ref
436,11239300,NF STEVENSON C A PERIMETER RD NR BIG C CA,37.13689,-119.25457,Non-ref
437,11241500,STEVENSON C A SHAVER LK CA,37.144669,-119.308459,Non-ref
438,11242000,SAN JOAQUIN R AB WILLOW C NR AUBERRY CA,37.144392,-119.454577,Non-ref
439,11242400,NF WILLOW C NR SUGAR PINE CA,37.39772,-119.566256,Non-ref
440,11244000,NF WILLOW C NR BASS LAKE CA,37.288834,-119.530139,Non-ref
441,11246500,WILLOW C A MOUTH NR AUBERRY CA,37.150781,-119.460411,Non-ref
442,11246700,SAN JOAQUIN R NR AUBERRY CA,37.132171,-119.531526,Non-ref
443,11247000,SAN JOAQUIN R BL KERCKHOFF PH NR PRATHER CA,37.079116,-119.560971,Non-ref
444,11251000,SAN JOAQUIN R BL FRIANT CA,36.984394,-119.724312,Non-ref
445,11253310,CANTUA C NR CANTUA CREEK CA,36.402174,-120.433492,Ref
446,11255575,PANOCHE C A I-5 NR SILVER CREEK CA,36.652451,-120.632119,Non-ref
447,11257100,MIAMI C NR OAKHURST CA,37.393553,-119.654318,Ref
448,11257500,FRESNO R NR KNOWLES CA,37.237169,-119.774876,Non-ref
449,11258000,FRESNO R BL HIDDEN DAM NR DAULTON CA,37.097447,-119.889601,Non-ref
450,11258900,WF CHOWCHILLA R NR MARIPOSA CA,37.420496,-119.87461,Non-ref
451,11259000,CHOWCHILLA R BL BUCHANAN DAM NR RAYMOND CA,37.215501,-119.991276,Non-ref
452,11260480,MARIPOSA C NR CATHEYS VALLEY CA,37.398829,-120.003783,Non-ref
453,11261500,SAN JOAQUIN R A FREMONT FORD BRIDGE CA,37.309939,-120.931037,Non-ref
454,11264500,MERCED R A HAPPY ISLES BRIDGE NR YOSEMITE CA,37.731593,-119.558774,Ref
455,11266500,MERCED R A POHONO BRIDGE NR YOSEMITE CA,37.716871,-119.666279,Ref
456,11268000,SF MERCED R NR EL PORTAL CA,37.65132,-119.885453,Non-ref
457,11268001,RESULTANT OF COMBINING 11-2665 + 11-2680 CA,37.65132,-119.885453,Non-ref
458,11269300,MAXWELL C A COULTERVILLE CA,37.716041,-120.18991,Ref
459,11269700,EXCHEQUER PH A EXCHEQUER CA,37.583546,-120.275744,Non-ref
460,11270900,MERCED R BL MERCED FALLS DAM NR SNELL CA,37.521603,-120.332411,Non-ref
461,11271320,DRY C NR SNELLING CA,37.554935,-120.46325,Non-ref
462,11272500,MERCED R NR STEVINSON CA,37.37077,-120.930483,Non-ref
463,11274000,SAN JOAQUIN R NR NEWMAN CA,37.350493,-120.97715,Non-ref
464,11274500,ORESTIMBA C NR NEWMAN CA,37.315492,-121.125208,Ref
465,11274538,ORESTIMBA CR AT RIVER RD NR CROWS LANDING CA,37.41355,-121.01604,Non-ref
466,11274550,SAN JOAQUIN R NR CROWS LANDING CA,37.43188,-121.01382,Non-ref
467,11274630,DEL PUERTO C NR PATTERSON CA,37.486599,-121.209103,Ref
468,11274790,TUOLUMNE R A GRAND CYN OF TUOLUMNE AB HETCH HETCHY,37.916588,-119.659894,Ref
469,11275000,FALLS C NR HETCH HETCHY CA,37.970754,-119.764343,Ref
470,11276500,TUOLUMNE R NR HETCH HETCHY CA,37.937421,-119.798233,Non-ref
471,11276600,TUOLUMNE R AB EARLY INTAKE NR MATHER CA,37.879368,-119.947126,Non-ref
472,11276900,TUOLUMNE R BL EARLY INTAKE NR MATHER CA,37.881591,-119.970182,Non-ref
473,11277300,CHERRY C BL VALLEY DAM NR HETCH HETCHY CA,37.967699,-119.917403,Non-ref
474,11278000,ELEANOR C NR HETCH HETCHY CA,37.969088,-119.882124,Non-ref
475,11278300,CHERRY C NR EARLY INTAKE CA,37.894368,-119.962682,Non-ref
476,11278400,CHERRY C BL DION R HOLM PH  NR MATHER CA,37.890202,-119.969905,Non-ref
477,11281000,SF TUOLUMNE R NR OAKLAND RECREATION CAMP CA,37.821593,-120.012962,Ref
478,11282000,M TUOLUMNE R A OAKLAND RECREATION CAMP CA,37.828259,-120.011573,Ref
479,11283500,CLAVEY R NR BUCK MEADOWS CA,37.90048,-120.071852,Ref
480,11284400,BIG C AB WHITES GULCH NR GROVELAND CA,37.841871,-120.18491,Ref
481,11284700,NF TUOLUMNE R NR LONG BARN CA,38.098809,-120.099631,Non-ref
482,11288000,TUOLUMNE R AB LA GRANGE DAM NR LA GRANGE CA,37.709098,-120.41325,Non-ref
483,11289650,TUOLUMNE R BL LAGRANGE DAM NR LAGRANGE CA,37.666321,-120.442139,Non-ref
484,11290000,TUOLUMNE R A MODESTO CA,37.626875,-120.987989,Non-ref
485,11292000,MF STANISLAUS R AT KENNEDY MDWS NR DARDANELLE CA,38.297412,-119.741287,Non-ref
486,11292500,CLARK FORK STANISLAUS R NR DARDANELLE CA,38.363801,-119.871292,Ref
487,11292700,MF STANISLAUS R A HELLS HALF ACRE BRIDGE CA,38.24686,-120.031852,Non-ref
488,11292900,MF STANISLAUS R BL BEARDSLEY DAM CA,38.193251,-120.099076,Non-ref
489,11293372,NF STANISLAUS R BL UTICA RES NR BEAR VALLEY CA,38.44111,-120.00278,Non-ref
490,11293462,SILVER C BL LK ALPINE NR BEAR VALLEY CA,38.47083,-120.005,Non-ref
491,11293500,NF STANISLAUS R BL SILVER C CA,38.439356,-120.015741,Non-ref
492,11293600,NF STANISLAUS R BL DIV DAM NR BIG MDW CA,38.434356,-120.018797,Non-ref
493,11294000,HIGHLAND C BL SPICER MEADOWS RES CA,38.392968,-119.999074,Non-ref
494,11294500,NF STANISLAUS R NR AVERY CA,38.245751,-120.289917,Non-ref
495,11295230,BEAVER CR BEL DIV DAM NR ARNOLD CA,38.23297,-120.28047,Non-ref
496,11295270,NF STANISLAUS R BL MCKAYS POINT DAM NR AVERY CA,38.2327,-120.29353,Non-ref
497,11295300,NF STANISLAUS R BL BEAVER C NR HATHAWAY PINES CA,38.20714,-120.31714,Non-ref
498,11295340,MILL C BL HUNTER RES A HATHAWAY PINES CA,38.19806,-120.36,Non-ref
499,11295400,STANISLAUS R NR HATHAWAY PINES CA,38.141309,-120.372974,Non-ref
500,11296500,SF STANISLAUS R A STRAWBERRY CA,38.197417,-120.008518,Non-ref
501,11297200,SF STANISLAUS R NR STRAWBERRY CA,38.1777,-120.04685,Non-ref
502,11298000,SF STANISLAUS R NR LONG BARN CA,38.092421,-120.168244,Non-ref
503,11298650,ANGELS C BL MURPHYS AFTERBAY NR MURPHYS CA,38.15139,-120.44028,Non-ref
504,11298700,ANGELS C BL UTICA D DIV DAM NR MURPHYS CA,38.13075,-120.4852,Non-ref
505,11299200,NEW MELONES PP BL NEW MELONES DAM NR SONORA CA,37.946314,-120.528255,Non-ref
506,11299600,BLACK C NR COPPEROPOLIS CA,37.961036,-120.615203,Ref
507,11302000,STANISLAUS R BL GOODWIN DAM NR KNIGHTS FERRY CA,37.851594,-120.637982,Non-ref
508,11303000,STANISLAUS R A RIPON CA,37.729651,-121.110493,Non-ref
509,11306000,SF CALAVERAS R NR SAN ANDREAS CA,38.144365,-120.663819,Non-ref
510,11308000,NF CALAVERAS R NR SAN ANDREAS CA,38.221307,-120.699377,Non-ref
511,11308900,CALAVERAS R BL NEW HOGAN DAM NR VALLEY SPRINGS CA,38.147976,-120.824936,Non-ref
512,11309000,COSGROVE C NR VALLEY SPRINGS CA,38.153253,-120.836881,Non-ref
513,11312000,BEAR C NR LOCKEFORD CA,38.152697,-121.138833,Non-ref
514,11313472,UP BLUE LK OUTLET NR MARKLEEVILLE CA,38.6263,-119.93713,Non-ref
515,11313477,LO BLUE LK OUTLET NR MARKLEEVILLE CA,38.60658,-119.92629,Non-ref
516,11313485,MEADOW LK OUTLET NR MARKLEEVILLE CA,38.59796,-119.97879,Non-ref
517,11314500,NF MOKELUMNE R BL SALT SPRINGS DAM CA,38.493523,-120.221027,Non-ref
518,11315000,COLE C NR SALT SPRINGS DAM CA,38.519078,-120.212693,Ref
519,11315030,COLE C BL DIV DAM NR SALT SPRINGS DAM CA,38.51491,-120.21575,Non-ref
520,11315900,BEAR R BL LO BEAR R DAM CA,38.5363,-120.25769,Non-ref
521,11316000,BEAR R NR SALT SPRINGS DAM CA,38.493523,-120.289362,Non-ref
522,11316100,BEAR R BL BEAR R DIV DAM CA,38.49241,-120.2902,Non-ref
523,11316600,NF MOKELUMNE R AB TIGER C CA,38.446577,-120.490202,Non-ref
524,11316605,TIGER C BL REGULATOR RES NR PIONEER CA,38.47694,-120.45306,Non-ref
525,11316670,NF MOKELUMNE R BL TIGER C RES NR WEST PT CA,38.44019,-120.50493,Non-ref
526,11316700,NF MOKELUMNE R BL ELECTR DIV DAM NR WEST PT CA,38.42074,-120.54993,Non-ref
527,11316800,FOREST C NR WILSEYVILLE CA,38.403246,-120.446868,Non-ref
528,11317000,MF MOKELUMNE R A WEST POINT CA,38.389634,-120.526593,Non-ref
529,11318500,SF MOKELUMNE R NR WEST POINT CA,38.368246,-120.545482,Non-ref
530,11319500,MOKELUMNE R NR MOKELUMNE HILL CA,38.312693,-120.720211,Non-ref
531,11323500,MOKELUMNE R BL CAMANCHE DAM CA,38.220473,-121.039665,Non-ref
532,11325500,MOKELUMNE R A WOODBRIDGE CA,38.158529,-121.303559,Non-ref
533,11327000,SUTTER C NR SUTTER CREEK CA,38.395745,-120.781324,Non-ref
534,11329500,DRY C NR GALT CA,38.247971,-121.226891,Non-ref
535,11333000,CAMP C NR SOMERSET CA,38.657127,-120.663819,Non-ref
536,11333500,NF COSUMNES R NR EL DORADO CA,38.588795,-120.844937,Non-ref
537,11334300,SF COSUMNES R NR RIVER PINES CA,38.556851,-120.793268,Ref
538,11335000,COSUMNES R A MICHIGAN BAR CA,38.500186,-121.045221,Non-ref
539,11335655,DEER C NR CAMERON PARK CA,38.62389,-120.99361,Non-ref
540,11336000,COSUMNES R A MCCONNELL CA,38.357968,-121.343839,Non-ref
541,11336580,MORRISON C NR SACRAMENTO CA,38.498518,-121.452732,Non-ref
542,11336585,LAGUNA C NR ELK GROVE CA,38.423243,-121.353284,Non-ref
543,11337500,MARSH C NR BYRON CA,37.873258,-121.727175,Ref
544,11337600,MARSH C A BRENTWOOD CA,37.9627,-121.68745,Non-ref
545,11341400,SACRAMENTO R NR MT SHASTA CA,41.266542,-122.311677,Non-ref
546,11342000,SACRAMENTO R A DELTA CA,40.939594,-122.417235,Non-ref
547,11345500,SF PIT R NR LIKELY CA,41.230729,-120.437173,Non-ref
548,11348500,PIT R NR CANBY CA,41.406001,-120.927746,Non-ref
549,11350500,ASH C A ADIN CA,41.198224,-120.943301,Non-ref
550,11352000,PIT R NR BIEBER CA,41.015166,-121.154694,Non-ref
551,11355010,PIT R BL PIT NO 1 PH NR FALL RIVER MILLS CA,40.983218,-121.511927,Non-ref
552,11355500,HAT C NR HAT CREEK CA,40.68655,-121.424699,Ref
553,11358700,HAT C BL HAT NO 1 DIV DAM NR BURNEY CA,40.91877,-121.55165,Non-ref
554,11360500,BURNEY C A PARK AVENUE NR BURNEY CA,40.87627,-121.671377,Non-ref
555,11362500,PIT R BL PIT NO 4 DAM CA,40.973492,-121.779435,Non-ref
556,11362950,EF NELSON C BL DIV TO NELSON C PP NR BIG BEND CA,41.04016,-121.87555,Non-ref
557,11363000,PIT R A BIG BEND CA,41.019324,-121.911107,Non-ref
558,11363930,IRON CANYON C BL IRON CANYON DAM NR BIG BEND CA,41.039324,-121.985276,Non-ref
559,11364200,ROARING C BLW DIV TO ROARING C PP NR MONTGMRY C CA,40.88932,-121.95083,Non-ref
560,11364300,HATCHET C BL DIV TO HATCHET C PP NR MNTGMRY C CA,40.87738,-121.86638,Ref
561,11365000,PIT R NR MONTGOMERY CREEK CA,40.843211,-122.017221,Non-ref
562,11367500,MCCLOUD R NR MCCLOUD CA,41.188213,-122.065557,Non-ref
563,11367760,MCCLOUD R BL MCCLOUD DAM NR MCCLOUD CA,41.12516,-122.06861,Non-ref
564,11367800,MCCLOUD R A AH-DI-NA NR MCCLOUD CA,41.110712,-122.096113,Non-ref
565,11368000,MCCLOUD R AB SHASTA LK CA,40.958208,-122.219728,Non-ref
566,11370500,SACRAMENTO R A KESWICK CA,40.600984,-122.444455,Non-ref
567,11371000,CLEAR C A FRENCH GULCH CA,40.69487,-122.636684,Ref
568,11372000,CLEAR C NR IGO CA,40.513206,-122.52418,Non-ref
569,11374000,COW C NR MILLVILLE CA,40.505152,-122.233335,Non-ref
570,11375700,NF COTTONWOOD C NR IGO CA,40.442095,-122.55029,Non-ref
571,11376000,COTTONWOOD C NR COTTONWOOD CA,40.387098,-122.238612,Non-ref
572,11376025,NF BATTLE C BL MCCUMBER DAM NR MANZANITA LAKE CA,40.53738,-121.732488,Non-ref
573,11376040,NF BATTLE C BL DIV TO AL SMITH CN NR MANTON CA,40.51266,-121.78999,Non-ref
574,11376050,NF BATTLE C BL DIV TO KESWICK CN NR MANTON CA,40.49988,-121.80916,Non-ref
575,11376140,NF BATTLE C BL DIV TO XCOUNTRY CN NR MANTON CA,40.45432,-121.86082,Non-ref
576,11376150,NF BATTLE C BL DIV TO EAGLE CY CN NR MANTON CA,40.42377,-121.92027,Non-ref
577,11376160,NF BATTLE C BL DIV TO WILDCAT CN NR MANTON CA,40.42043,-121.9611,Non-ref
578,11376420,SF BATTLE C BL DIV TO S CN NR MANTON CA,40.36877,-121.79776,Non-ref
579,11376440,SF BATTLE C BL DIV TO INSKIP CN NR MANTON CA,40.39516,-121.8836,Non-ref
580,11376460,SF BATTLE C BL DIV TO COLEMAN CN NR MANTON CA,40.40266,-121.96833,Non-ref
581,11376550,BATTLE C BL COLEMAN FISH HATCHERY NR COTTONWOOD CA,40.39821,-122.146387,Non-ref
582,11377100,SACRAMENTO R AB BEND BRIDGE NR RED BLUFF CA,40.288488,-122.186664,Non-ref
583,11378800,RED BANK C NR RED BLUFF CA,40.090154,-122.413612,Non-ref
584,11379000,ANTELOPE C NR RED BLUFF CA,40.203767,-122.118327,Ref
585,11379500,ELDER C NR PASKENTA CA,40.024598,-122.509724,Non-ref
586,11380500,ELDER C A GERBER CA,40.051268,-122.165825,Non-ref
587,11381500,MILL C NR LOS MOLINOS CA,40.054602,-122.024154,Ref
588,11382000,THOMES C A PASKENTA CA,39.887655,-122.529166,Non-ref
589,11383500,DEER C NR VINA CA,40.014047,-121.948318,Ref
590,11383730,SACRAMENTO R A VINA BRIDGE NR VINA CA,39.909325,-122.093042,Non-ref
591,11383800,SACRAMENTO R NR HAMILTON CITY CA,39.751549,-121.995536,Non-ref
592,11384000,BIG CHICO C NR CHICO CA,39.776273,-121.753866,Ref
593,11388000,STONY C BL BLACK BUTTE DAM NR ORLAND CA,39.81849,-122.324991,Non-ref
594,11388500,STONY C NR HAMILTON CITY CA,39.723493,-122.047481,Non-ref
595,11389000,SACRAMENTO R A BUTTE CITY CA,39.457663,-121.994142,Non-ref
596,11389500,SACRAMENTO R A COLUSA CA,39.214057,-122.000251,Non-ref
597,11389720,BUTTE C BL DIV DAM NR STIRLING CITY,39.98127,-121.58859,Non-ref
598,11389740,BUTTE C BL FKS OF BUTTE DIV DAM NR DE SABLA CA,39.90127,-121.62442,Non-ref
599,11390000,BUTTE C NR CHICO CA,39.725995,-121.708864,Non-ref
600,11390500,SACRAMENTO R BL WILKINS SLOUGH NR GRIMES CA,39.009895,-121.82469,Non-ref
601,11390672,STONE CORRAL C NR SITES CA,39.288221,-122.301091,Ref
602,11391000,SACRAMENTO R A KNIGHTS LANDING CA,38.802957,-121.716353,Non-ref
603,11391400,L LAST CHANCE C BL FRENCHMAN DAM NR CHILCOOT CA,39.893237,-120.189095,Non-ref
604,11391500,BIG GRIZZLY C AT GRIZZLY VALLEY DAM NR PORTOLA CA,39.883789,-120.476604,Non-ref
605,11392500,MF FEATHER R NR CLIO CA,39.753788,-120.596051,Non-ref
606,11394500,MF FEATHER R NR MERRIMAC CA,39.70822,-121.270518,Non-ref
607,11395030,SF FEATHER R BL LITTLE GRASS VALLEY DAM CA,39.723781,-121.022178,Non-ref
608,11395200,SF FEATHER R BL DIV DAM NR STRAWBERRY VALLEY CA,39.64739,-121.118847,Non-ref
609,11396000,LOST C NR CLIPPER MILLS CA,39.573501,-121.141625,Non-ref
610,11396200,SF FEATHER R BL FORBESTOWN DAM CA,39.551277,-121.209405,Non-ref
611,11396350,SF FEATHER R A PONDEROSA DAM CA,39.547665,-121.30413,Non-ref
612,11396400,SUCKER RUN NR FORBESTOWN CA,39.553221,-121.302185,Non-ref
613,11399500,NF FEATHER R NR PRATTVILLE CA,40.168221,-121.093016,Non-ref
614,11400500,BUTT C BL ALMANOR-BUTT C TU NR PRATTVILLE CA,40.187108,-121.188019,Non-ref
615,11401112,NF FEATHER R BL BELDEN DAM CA,40.071276,-121.164684,Non-ref
616,11401165,SB WARD C BL DIV DAM NR GENESEE CA,40.00184,-120.703,Non-ref
617,11401200,INDIAN C NR TAYLORSVILLE CA,40.047948,-120.818008,Non-ref
618,11401500,INDIAN C NR CRESCENT MILLS CA,40.077947,-120.928011,Non-ref
619,11402000,SPANISH C AB BLACKHAWK C AT KEDDIE CA,40.002947,-120.954399,Non-ref
620,11403000,EB OF NF FEATHER R NR RICH BAR CA,40.010442,-121.218575,Non-ref
621,11403200,NF FEATHER R BL ROCK C DIV DAM CA,39.980163,-121.27691,Non-ref
622,11403530,BUCKS C BL DIV DAM NR BUCKS LODGE CA,39.90433,-121.2308,Non-ref
623,11403800,ROCK C PH NR STORRIE CA,39.905441,-121.345244,Non-ref
624,11404300,GRIZZLY C BL DIV DAM CA,39.891275,-121.294131,Non-ref
625,11404330,NF FEATHER R BL GRIZZLY C CA,39.852385,-121.392467,Non-ref
626,11404500,NF FEATHER R A PULGA CA,39.794329,-121.451635,Non-ref
627,11405120,PHILBROOK C BL PHILBROOK DAM NR BUTTE MEADOWS CA,40.02988,-121.47775,Non-ref
628,11405200,WB FEATHER R BL HENDRICKS DIV DAM CA,39.93405,-121.52969,Non-ref
629,11405300,WB FEATHER R NR PARADISE CA,39.78655,-121.56275,Non-ref
630,11406999,FEATHER R A OROVILLE R ONLY CA,39.520164,-121.547748,Non-ref
631,11407000,FEATHER R A OROVILLE CA,39.521553,-121.547748,Non-ref
632,11407150,FEATHER R NR GRIDLEY CA,39.366555,-121.647193,Non-ref
633,11407300,N HONCUT C NR BANGOR CA,39.342112,-121.491355,Non-ref
634,11407500,S HONCUT C NR BANGOR CA,39.367668,-121.372186,Non-ref
635,11407900,M YUBA R BL JACKSON MDWS DAM NR SIERRA CITY CA,39.516012,-120.562157,Non-ref
636,11408500,M YUBA R A MILTON CA,39.522678,-120.582436,Non-ref
637,11408550,M YUBA R BL MILTON DAM CA,39.521845,-120.583547,Non-ref
638,11408850,M YUBA R NR CAMPTONVILLE CA,39.416838,-120.952727,Non-ref
639,11408880,M YUBA R BL OUR HOUSE DAM CA,39.41156,-120.998007,Non-ref
640,11409000,M YUBA R AB OREGON C NR NORTH SAN JUAN CA,39.392948,-121.081621,Non-ref
641,11409300,OREGON C A CAMPTONVILLE CA,39.446003,-121.046343,Ref
642,11409400,OREGON C BL LOG CABIN DAM NR CAMPTONVILLE CA,39.439336,-121.059121,Non-ref
643,11409500,OREGON C NR NORTH SAN JUAN CA,39.40267,-121.077454,Ref
644,11413000,N YUBA R BL GOODYEARS BAR CA,39.524894,-120.938007,Non-ref
645,11413300,SLATE C BL DIV DAM NR STRAWBERRY CA,39.614336,-121.052178,Non-ref
646,11413320,DEADWOOD C NR STRAWBERRY VALLEY CA,39.54989,-121.0944,Ref
647,11413323,OWL GULCH NR STRAWBERRY VALLEY CA,39.54545,-121.09523,Ref
648,11413520,N YUBA R BL NEW BULLARDS BAR DAM NR N SAN JUAN CA,39.379892,-121.139678,Non-ref
649,11414000,S YUBA R NR CISCO CA,39.321291,-120.564375,Non-ref
650,11414100,FORDYCE C BL FORDYCE DAM NR CISCO CA,39.379903,-120.499374,Non-ref
651,11414250,S YUBA R A LANGS CROSSING NR EMIGRANT GAP CA,39.318512,-120.657712,Non-ref
652,11414700,JACKSON C BL JACKSON LK CA,39.46462,-120.56382,Non-ref
653,11416500,CANYON C BL BOWMAN LK CA,39.439622,-120.661882,Non-ref
654,11417000,S YUBA R NR WASHINGTON CA,39.360454,-120.771606,Non-ref
655,11417500,S YUBA R A JONES BAR NR GRASS VALLEY CA,39.292115,-121.104675,Non-ref
656,11418000,YUBA R BL ENGLEBRIGHT DAM NR SMARTVILLE CA,39.235171,-121.274126,Non-ref
657,11418500,DEER C NR SMARTVILLE CA,39.224338,-121.26857,Non-ref
658,11421000,YUBA R NR MARYSVILLE CA,39.175725,-121.524965,Non-ref
659,11421770,BEAR R BL DRUM AFTERBAY NR BLUE CANYON CA,39.254344,-120.774937,Non-ref
660,11421790,BEAR R BL DUTCH FLAT AFTERBAY NR DUTCH FLAT CA,39.213509,-120.845217,Non-ref
661,11422500,BEAR R BL ROLLINS DAM NR COLFAX CA,39.131841,-120.959388,Non-ref
662,11424000,BEAR R NR WHEATLAND CA,39.000173,-121.406902,Non-ref
663,11425000,FEATHER R NR NICOLAUS,38.890453,-121.604406,Non-ref
664,11426150,ONION C NR SODA SPRINGS CA,39.267127,-120.364923,Ref
665,11426200,NF FORBES C NR DUTCH FLAT CA,39.143511,-120.759378,Non-ref
666,11426400,N SHIRTTAIL C NR DUTCH FLAT CA,39.130177,-120.796602,Non-ref
667,11427000,NF AMERICAN R A NORTH FORK DAM CA,38.936009,-121.023833,Non-ref
668,11427500,MF AMERICAN R A FRENCH MEADOWS CA,39.109627,-120.481313,Non-ref
669,11427700,DUNCAN CYN C NR FRENCH MEADOWS CA,39.135738,-120.478535,Ref
670,11427750,DUNCAN CYN C BL DIV DAM NR FRENCH MEADOWS CA,39.13296,-120.483813,Non-ref
671,11427760,MF AMERICAN R AB MF PH NR FORESTHILL CA,39.025181,-120.595481,Non-ref
672,11427770,MF AMERICAN R BL INTERBAY DAM NR FORESTHILL CA,39.026292,-120.603537,Non-ref
673,11427960,RUBICON R BL RUBICON LK CA,38.9888,-120.22325,Non-ref
674,11428000,RUBICON R A RUBICON SPRINGS NR MEEKS BAY CA,39.019352,-120.247136,Non-ref
675,11428400,L RUBICON R BL BUCK ISLAND DAM CA,39.00491,-120.2563,Non-ref
676,11428800,RUBICON R BL HELL HOLE DAM CA,39.056572,-120.407976,Non-ref
677,11429500,GERLE C BL LOON LK NR MEEKS BAY CA,39.005462,-120.315471,Non-ref
678,11430000,SF RUBICON R BL GERLE C NR GEORGETOWN CA,38.954628,-120.401586,Non-ref
679,11431800,PILOT C AB STUMPY MEADOWS RES CA,38.894626,-120.568259,Ref
680,11433040,PILOT C BL MUTTON CANYON NR GEORGETOWN CA,38.923513,-120.641872,Non-ref
681,11433100,LONG CANYON C NR FRENCH MEADOWS CA,39.021016,-120.515757,Non-ref
682,11433200,RUBICON R NR FORESTHILL CA,38.9924,-120.721595,Non-ref
683,11433260,NF OF MF AMERICAN R NR FORESTHILL CA,39.024067,-120.71854,Ref
684,11433300,MF AMERICAN R NR FORESTHILL CA,39.006289,-120.762152,Non-ref
685,11433500,MF AMERICAN R NR AUBURN CA,38.917954,-121.015222,Non-ref
686,11435100,PYRAMID C A TWIN BRIDGES CA,38.815741,-120.117131,Non-ref
687,11436000,SILVER LK OUTLET NR KIRKWOOD CA,38.671298,-120.122688,Non-ref
688,11439500,SF AMERICAN R NR KYBURZ(RIVER ONLY) CA,38.763518,-120.328528,Non-ref
689,11440000,ALDER C NR WHITEHALL  TOTAL FLOW CA,38.755184,-120.372418,Non-ref
690,11441002,UNION VALLEY PH NR PACIFIC CA,38.864627,-120.44381,Non-ref
691,11441500,SF SILVER C NR ICE HOUSE CA,38.818795,-120.365196,Non-ref
692,11441800,SILVER C BL JUNCTION DAM NR POLLOCK PINES CA,38.85213,-120.45714,Non-ref
693,11441900,SILVER C BL CAMINO DIV DAM CA,38.823793,-120.539369,Non-ref
694,11442500,SF AMERICAN R BL SILVER C NR POLLOCK PINES CA,38.793514,-120.618261,Non-ref
695,11442700,BRUSH C BL BRUSH CREEK DAM NR POLLOCK PINES CA,38.811292,-120.623261,Non-ref
696,11443500,SF AMERICAN R NR CAMINO CA,38.772958,-120.701598,Non-ref
697,11444201,ROCK C NR PLACERVILLE CA,38.794347,-120.775489,Non-ref
698,11444500,SF AMERICAN R NR PLACERVILLE CA,38.771013,-120.816324,Non-ref
699,11445500,SF AMERICAN R NR LOTUS CA,38.818512,-120.946885,Non-ref
700,11446500,AMERICAN R A FAIR OAKS CA,38.63546,-121.227726,Non-ref
701,11447293,DRY C A VERNON ST BRIDGE A ROSEVILLE CA,38.73324,-121.3019,Non-ref
702,11447360,ARCADE C NR DEL PASO HEIGHTS CA,38.641848,-121.38273,Non-ref
703,11448500,ADOBE C NR KELSEYVILLE CA,38.926844,-122.880828,Non-ref
704,11449100,SCOTTS C NR LAKEPORT CA,39.095449,-122.961664,Non-ref
705,11449500,KELSEY C NR KELSEYVILLE CA,38.9274,-122.843605,Ref
706,11451000,CACHE C NR LOWER LAKE CA,38.924065,-122.565815,Non-ref
707,11451100,NF CACHE C A HOUGH SPRING NR CLEARLAKE OAKS CA,39.165446,-122.619986,Ref
708,11451300,NF CACHE C NR CLEARLAKE OAKS CA,39.080449,-122.53637,Non-ref
709,11451500,NF CACHE C NR LOWER LAKE CA,39.019062,-122.56887,Non-ref
710,11451715,BEAR C AB HOLSTEN CHIMNEY CYN NR RUMSEY CA,38.957674,-122.342754,Non-ref
711,11451720,BEAR C NR RUMSEY CA,38.944064,-122.344698,Non-ref
712,11452000,CACHE C NR CAPAY CA,38.728792,-122.10525,Non-ref
713,11452500,CACHE C A YOLO CA,38.725182,-121.807187,Non-ref
714,11453500,PUTAH C NR GUENOC CA,38.778791,-122.517481,Non-ref
715,11454000,PUTAH C NR WINTERS CA,38.515185,-122.081916,Non-ref
716,11456000,NAPA RIVER NEAR ST. HELENA CALIF,38.511297,-122.455813,Non-ref
717,11458000,NAPA R NR NAPA CA,38.368246,-122.303309,Non-ref
718,11458433,SONOMA CREEK A KENWOOD CA,38.4188,-122.562761,Non-ref
719,11458500,SONOMA C A AGUA CALIENTE CA,38.323247,-122.494426,Non-ref
720,11459500,NOVATO C A NOVATO CA,38.107698,-122.579981,Non-ref
721,11460000,CORTE MADERA C A ROSS CA,37.962424,-122.556644,Non-ref
722,11460400,LAGUNITAS C A SP TAYLOR STATE PK CA,38.026867,-122.736377,Non-ref
723,11460600,LAGUNITAS C NR PT REYES STATION CA,38.0802,-122.784435,Non-ref
724,11460750,WALKER C NR MARSHALL CA,38.175753,-122.818325,Non-ref
725,11460800,WALKER C NR TOMALES CA,38.209641,-122.860827,Non-ref
726,11461000,RUSSIAN R NR UKIAH CA,39.195447,-123.195005,Non-ref
727,11461500,EF RUSSIAN R NR CALPELLA CA,39.246556,-123.130281,Non-ref
728,11462000,EF RUSSIAN R NR UKIAH CA,39.197391,-123.187505,Non-ref
729,11462500,RUSSIAN R NR HOPLAND CA,39.026563,-123.130559,Non-ref
730,11463000,RUSSIAN R NR CLOVERDALE CA,38.879348,-123.053612,Non-ref
731,11463170,BIG SULPHUR C A G RESORT NR CLOVERDALE CA,38.797683,-122.802493,Non-ref
732,11463200,BIG SULPHUR C NR CLOVERDALE CA,38.826017,-122.996944,Non-ref
733,11463900,MAACAMA C NR KELLOGG CA,38.640186,-122.763601,Non-ref
734,11463980,RUSSIAN R A DIGGER BEND NR HEALDSBURG CA,38.632965,-122.855549,Non-ref
735,11464000,RUSSIAN R NR HEALDSBURG CA,38.613243,-122.836382,Non-ref
736,11464500,DRY C NR CLOVERDALE CA,38.749632,-123.092225,Ref
737,11465000,DRY C BL WARM SPGS DAM NR GEYSERVILLE CA,38.719632,-123.000556,Non-ref
738,11465200,DRY C NR GEYSERVILLE CA,38.698521,-122.958054,Non-ref
739,11465350,DRY C NR MOUTH NR HEALDSBURG CA,38.58741,-122.862216,Non-ref
740,11465660,COPELAND C A ROHNERT PARK CA,38.34325,-122.70193,Non-ref
741,11465680,LAGUNA DE SANTA ROSA A STONY PT RD NR COTATI CA,38.352137,-122.744155,Non-ref
742,11465690,COLGAN C NR SANTA ROSA CA,38.40214,-122.73304,Non-ref
743,11465700,COLGAN C NR SEBASTOPOL CA,38.373525,-122.768323,Non-ref
744,11465750,LAGUNA DE SANTA ROSA C NR SEBASTOPOL CA,38.425469,-122.829158,Non-ref
745,11466065,BRUSH C A SANTA ROSA CA,38.454911,-122.680264,Non-ref
746,11466170,MATANZAS C A SANTA ROSA CA,38.4388,-122.70249,Non-ref
747,11466200,SANTA ROSA C A SANTA ROSA CA,38.436579,-122.72471,Non-ref
748,11466320,SANTA ROSA C A WILLOWSIDE RD NR SANTA ROSA CA,38.44519,-122.807213,Non-ref
749,11466800,MARK WEST C NR MIRABEL HEIGHTS CA,38.494078,-122.853326,Non-ref
750,11467000,RUSSIAN R NR GUERNEVILLE CA,38.508523,-122.927774,Non-ref
751,11467200,AUSTIN C NR CAZADERO CA,38.50658,-123.069724,Ref
752,11467500,SF GUALALA R NR ANNAPOLIS CA,38.704912,-123.423064,Ref
753,11467510,SF GUALALA R NR THE SEA RANCH CA,38.709079,-123.426675,Non-ref
754,11467600,GARCIA R NR POINT ARENA CA,38.926296,-123.630293,Ref
755,11468000,NAVARRO R NR NAVARRO CA,39.172123,-123.669458,Ref
756,11468500,NOYO R NR FORT BRAGG CA,39.428224,-123.737792,Ref
757,11468900,MATTOLE R NR ETTERSBURG CA,40.139309,-123.991423,Ref
758,11469000,MATTOLE R NR PETROLIA CA,40.313191,-124.283659,Non-ref
759,11470500,EEL R BL SCOTT DAM NR POTTER VALLEY CA,39.407939,-122.97139,Non-ref
760,11471500,EEL R A VAN ARSDALE DAM NR POTTER VALLEY CA,39.388496,-123.116116,Non-ref
761,11472150,EEL R NR DOS RIOS CA,39.62488,-123.341402,Non-ref
762,11472160,WILLITS C AB LK EMILY NR WILLITS CA,39.449329,-123.398067,Ref
763,11472200,OUTLET C NR LONGVALE CA,39.617935,-123.35668,Non-ref
764,11472900,BLACK BUTTE R NR COVELO CA,39.82071,-123.080564,Ref
765,11473900,MF EEL R NR DOS RIOS CA,39.706267,-123.325291,Ref
766,11474500,NF EEL R NR MINA CA,39.937374,-123.346963,Ref
767,11475000,EEL R A FORT SEWARD CA,40.2182,-123.63253,Non-ref
768,11475500,SF EEL R NR BRANSCOMB CA,39.719045,-123.652796,Ref
769,11475560,ELDER C NR BRANSCOMB CA,39.7296,-123.643907,Ref
770,11475610,CAHTO C NR LAYTONVILLE CA,39.671545,-123.49835,Non-ref
771,11475800,SF EEL RIVER AT LEGGETT CALIF,39.874596,-123.720578,Ref
772,11476500,SF EEL R NR MIRANDA CA,40.18181,-123.776143,Non-ref
773,11476600,BULL C NR WEOTT CA,40.35125,-124.003931,Ref
774,11477000,EEL R A SCOTIA CA,40.491524,-124.09977,Non-ref
775,11478500,VAN DUZEN R NR BRIDGEVILLE CA,40.480416,-123.890876,Ref
776,11480390,MAD R AB RUTH RES NR FOREST GLEN CA,40.284313,-123.335303,Ref
777,11480410,MAD R BL RUTH RES NR FOREST GLEN CA,40.370978,-123.436141,Non-ref
778,11480500,MAD R NR FOREST GLEN CA,40.458199,-123.510867,Non-ref
779,11481000,MAD R NR ARCATA CA,40.909572,-124.060896,Non-ref
780,11481200,LITTLE R NR TRINIDAD CA,41.010959,-124.081733,Ref
781,11481500,REDWOOD C NR BLUE LAKE CA,40.905965,-123.815335,Ref
782,11482500,REDWOOD C A ORICK CA,41.29929,-124.051182,Ref
783,11489500,ANTELOPE C NR TENNANT CA,41.546544,-121.918337,Ref
784,11516530,KLAMATH R BL IRON GATE DAM CA,41.927919,-122.444188,Non-ref
785,11516900,LITTLE SHASTA R NR MONTAGUE CA,41.752924,-122.300572,Ref
786,11517000,SHASTA R NR  MONTAGUE CA,41.709032,-122.538079,Non-ref
787,11517500,SHASTA R NR YREKA CA,41.822918,-122.595581,Non-ref
788,11519500,SCOTT R NR FORT JONES CA,41.64069,-123.015037,Non-ref
789,11520500,KLAMATH R NR SEIAD VALLEY CA,41.853738,-123.232273,Non-ref
790,11521500,INDIAN C NR HAPPY CAMP CA,41.835123,-123.383111,Non-ref
791,11522500,SALMON R A SOMES BAR CA,41.377627,-123.477558,Ref
792,11523000,KLAMATH R A ORLEANS,41.30346,-123.534504,Non-ref
793,11523200,TRINITY R AB COFFEE C NR TRINITY CTR CA,41.111257,-122.705579,Ref
794,11525500,TRINITY R A LEWISTON CA,40.719312,-122.803634,Non-ref
795,11525530,RUSH C NR LEWISTON CA,40.72459,-122.834746,Ref
796,11525600,GRASS VALLEY C A FAWN LODGE NR LEWISTON CA,40.676257,-122.830578,Non-ref
797,11525630,GRASS VALLEY C NR LEWISTON CA,40.686535,-122.861135,Non-ref
798,11525655,TRINITY R BL LIMEKILN GULCH NR DOUGLAS CITY CA,40.672645,-122.920581,Non-ref
799,11525670,INDIAN C NR DOUGLAS CITY CA,40.651812,-122.914469,Ref
800,11525854,TRINITY R A DOUGLAS CITY CA,40.64709,-122.955859,Non-ref
801,11526250,TRINITY R A JUNCTION CITY CA,40.728477,-123.061974,Non-ref
802,11526400,TRINITY R AB NF TRINITY R NR HELENA CA,40.766531,-123.114476,Non-ref
803,11526500,NF TRINITY R A HELENA CA,40.781809,-123.128365,Ref
804,11527000,TRINITY R NR BURNT RANCH CA,40.78875,-123.44004,Non-ref
805,11528500,HAYFORK C NR HYAMPOM CA,40.625975,-123.434758,Non-ref
806,11528700,SF TRINITY R BL HYAMPOM CA,40.649863,-123.494205,Ref
807,11530000,TRINITY R A HOOPA CA,41.049852,-123.672001,Non-ref
808,11530500,KLAMATH R NR KLAMATH CA,41.510954,-123.979516,Non-ref
809,11532500,SMITH R NR CRESCENT CITY CA,41.791503,-124.076189,Ref
